ID,probs
1,0.114
2,0.066
3,0.188
4,0.438
5,0.024
6,0.028
7,0.346
8,0.106
9,0.214
10,0.596
11,0.53
12,0.462
13,0.026
14,0.05
15,0.184
16,0.328
17,0.312
18,0.208
19,0.204
20,0.01
21,0.348
22,0.064
23,0.604
24,0.076
25,0.332
26,0.262
27,0.092
28,0.19
29,0.204
30,0.094
31,0.206
32,0.202
33,0.124
34,0.008
35,0.16
36,0.086
37,0.192
38,0.954
39,0.408
40,0.134
41,0.082
42,0.418
43,0.488
44,0.178
45,0.064
46,0.192
47,0.914
48,0.214
49,0.098
50,0.404
51,0.184
52,0.36
53,0.064
54,0.466
55,0.15
56,0.06
57,0.218
58,0.056
59,0.146
60,0.03
61,0.076
62,0.164
63,0.07
64,0.072
65,0.134
66,0.094
67,0.32
68,0.006
69,0.142
70,0.154
71,0.242
72,0
73,0.154
74,0.252
75,0.162
76,0.154
77,0.192
78,0.1
79,0.046
80,0.242
81,0.34
82,0.01
83,0.086
84,0.444
85,0.136
86,0.146
87,0.454
88,0.052
89,0.038
90,0.124
91,0.132
92,0.318
93,0.31
94,0.926
95,0.064
96,0.062
97,0.106
98,0.19
99,0.112
100,0.084
101,0.052
102,0.114
103,0.12
104,0.154
105,0.152
106,0.024
107,0.126
108,0.072
109,0.116
110,0.122
111,0.104
112,0.164
113,0.078
114,0.142
115,0.096
116,0.074
117,0.442
118,0.274
119,0.4
120,0.048
121,0.03
122,0.498
123,0.06
124,0.044
125,0.33
126,0.296
127,0.114
128,0.31
129,0.206
130,0.184
131,0.088
132,0.16
133,0.126
134,0.372
135,0.138
136,0.078
137,0.074
138,0.026
139,0.23
140,0.338
141,0.228
142,0.27
143,0.144
144,0.512
145,0.332
146,0.57
147,0.092
148,0.032
149,0.748
150,0.1
151,0.216
152,0.156
153,0.214
154,0.108
155,0.21
156,0.136
157,0.216
158,0.302
159,0.262
160,0.194
161,0.112
162,0.096
163,0.1
164,0.2
165,0.04
166,0.252
167,0
168,0.038
169,0.162
170,0.086
171,0.194
172,0.226
173,0.17
174,0.28
175,0.464
176,0.094
177,0.268
178,0.304
179,0.194
180,0.562
181,0.03
182,0.122
183,0.174
184,0.474
185,0.114
186,0.138
187,0.476
188,0.064
189,0.2
190,0.212
191,0.218
192,0.188
193,0
194,0.14
195,0.366
196,0.356
197,0.164
198,0.128
199,0.138
200,0.214
201,0.548
202,0.524
203,0.182
204,0.056
205,0.106
206,0.464
207,0.21
208,0.092
209,0.228
210,0.538
211,0.048
212,0.232
213,0.084
214,0.334
215,0.32
216,0.292
217,0.532
218,0.138
219,0.096
220,0.604
221,0.364
222,0.066
223,0.176
224,0.08
225,0.132
226,0.092
227,0.298
228,0.126
229,0.256
230,0.338
231,0.136
232,0.176
233,0.534
234,0.092
235,0.064
236,0.222
237,0.184
238,0.24
239,0.184
240,0.208
241,0.478
242,0.076
243,0.278
244,0.256
245,0.352
246,0.188
247,0.058
248,0.126
249,0.11
250,0.082
251,0.052
252,0.228
253,0.096
254,0.104
255,0.332
256,0.058
257,0.35
258,0.068
259,0.038
260,0.096
261,0.162
262,0.608
263,0.22
264,0.054
265,0.048
266,0.014
267,0.168
268,0.304
269,0.304
270,0.596
271,0.048
272,0.074
273,0.024
274,0.112
275,0.316
276,0.196
277,0.138
278,0.194
279,0.136
280,0.096
281,0.142
282,0.168
283,0.076
284,0.04
285,0.204
286,0.096
287,0.1
288,0.24
289,0.094
290,0.048
291,0.036
292,0.176
293,0.874
294,0.046
295,0.124
296,0.518
297,0.122
298,0.05
299,0.212
300,0.118
301,0.516
302,0.276
303,0.626
304,0.238
305,0.176
306,0.068
307,0.136
308,0.602
309,0.092
310,0.058
311,0.152
312,0.464
313,0.08
314,0.142
315,0.126
316,0.104
317,0.44
318,0.296
319,0.03
320,0.304
321,0.124
322,0.34
323,0.284
324,0.232
325,0.11
326,0.074
327,0.436
328,0.12
329,0.132
330,0.14
331,0.31
332,0.062
333,0.204
334,0.106
335,0.19
336,0.15
337,0.136
338,0.118
339,0.336
340,0.09
341,0.134
342,0.134
343,0.498
344,0.372
345,0.132
346,0.108
347,0.046
348,0.108
349,0.018
350,0.082
351,0.224
352,0.18
353,0.364
354,0.238
355,0.21
356,0.048
357,0.116
358,0.12
359,0.084
360,0.512
361,0.24
362,0.056
363,0.108
364,0.196
365,0.062
366,0.086
367,0.094
368,0.192
369,0.03
370,0.222
371,0.202
372,0.396
373,0.096
374,0.052
375,0.064
376,0.288
377,0.25
378,0.572
379,0.074
380,0.104
381,0.178
382,0.076
383,0.176
384,0.074
385,0.24
386,0.076
387,0.048
388,0.174
389,0.14
390,0.014
391,0.116
392,0.36
393,0.374
394,0.006
395,0.094
396,0.104
397,0.438
398,0.06
399,0.18
400,0.004
401,0.484
402,0.392
403,0.444
404,0.26
405,0.11
406,0.202
407,0.018
408,0.234
409,0.052
410,0.11
411,0.412
412,0.106
413,0.09
414,0.238
415,0.056
416,0.114
417,0.216
418,0.386
419,0.036
420,0.184
421,0.452
422,0.216
423,0.288
424,0.12
425,0.072
426,0.094
427,0.098
428,0.208
429,0.43
430,0.338
431,0.226
432,0.064
433,0.084
434,0.062
435,0.036
436,0.482
437,0.154
438,0.104
439,0.114
440,0.49
441,0.232
442,0.064
443,0.22
444,0.12
445,0.04
446,0.106
447,0.212
448,0.102
449,0.162
450,0.176
451,0.156
452,0.218
453,0.112
454,0.192
455,0.518
456,0.204
457,0.232
458,0.24
459,0.222
460,0.118
461,0.158
462,0.104
463,0.126
464,0.11
465,0.112
466,0.102
467,0.238
468,0.442
469,0.196
470,0.12
471,0.29
472,0.186
473,0.098
474,0.126
475,0.15
476,0.232
477,0.216
478,0.12
479,0.2
480,0.142
481,0.176
482,0.226
483,0.168
484,0.226
485,0.126
486,0.012
487,0.084
488,0.11
489,0.06
490,0.196
491,0.154
492,0.238
493,0.172
494,0.204
495,0.134
496,0.186
497,0.304
498,0.552
499,0.27
500,0.268
501,0.084
502,0.082
503,0.228
504,0.17
505,0.126
506,0
507,0.096
508,0.07
509,0.584
510,0.098
511,0.074
512,0.236
513,0.062
514,0.624
515,0.246
516,0.044
517,0.184
518,0.066
519,0.366
520,0.302
521,0.4
522,0.1
523,0.464
524,0.1
525,0.166
526,0.594
527,0.114
528,0.226
529,0.146
530,0.164
531,0.082
532,0.488
533,0.122
534,0.128
535,0.07
536,0.1
537,0.088
538,0.194
539,0.26
540,0.126
541,0.142
542,0.082
543,0.604
544,0.224
545,0.16
546,0.256
547,0.082
548,0.136
549,0.07
550,0.048
551,0.368
552,0.156
553,0.212
554,0.134
555,0.172
556,0.428
557,0.428
558,0.266
559,0.186
560,0.096
561,0.166
562,0.228
563,0.312
564,0.152
565,0.256
566,0.218
567,0.086
568,0.276
569,0.524
570,0.202
571,0.098
572,0.448
573,0.204
574,0.04
575,0.038
576,0.206
577,0.038
578,0.474
579,0.124
580,0.39
581,0.114
582,0.082
583,0
584,0.288
585,0.33
586,0.038
587,0.03
588,0.528
589,0.182
590,0.09
591,0.246
592,0.038
593,0.044
594,0.312
595,0.324
596,0.134
597,0.234
598,0.358
599,0.114
600,0.064
601,0.116
602,0.38
603,0.05
604,0.182
605,0.13
606,0.1
607,0.01
608,0.088
609,0.176
610,0.136
611,0.246
612,0.106
613,0.052
614,0.126
615,0.262
616,0.212
617,0.196
618,0.372
619,0.47
620,0.09
621,0.212
622,0.114
623,0.254
624,0.046
625,0.4
626,0.02
627,0.088
628,0.044
629,0.056
630,0.018
631,0.29
632,0.086
633,0.148
634,0.292
635,0.132
636,0.084
637,0.18
638,0.378
639,0.236
640,0.168
641,0.092
642,0.422
643,0.108
644,0.25
645,0.178
646,0.048
647,0.364
648,0.236
649,0.054
650,0.146
651,0.082
652,0.138
653,0.18
654,0.04
655,0.024
656,0.146
657,0.192
658,0.302
659,0.092
660,0.084
661,0.124
662,0.148
663,0.048
664,0.078
665,0.112
666,0.166
667,0.312
668,0.098
669,0.074
670,0.224
671,0.166
672,0.056
673,0.15
674,0.16
675,0.178
676,0.048
677,0.14
678,0.27
679,0.27
680,0.224
681,0.618
682,0.006
683,0.248
684,0.028
685,0.158
686,0.124
687,0.094
688,0.122
689,0.2
690,0.856
691,0.15
692,0.134
693,0.558
694,0.07
695,0.098
696,0.17
697,0.104
698,0.14
699,0.19
700,0.082
701,0.102
702,0.38
703,0.1
704,0.176
705,0.078
706,0.228
707,0.042
708,0.096
709,0.174
710,0.14
711,0.116
712,0.014
713,0.156
714,0.086
715,0.194
716,0.264
717,0.396
718,0.092
719,0.114
720,0.132
721,0.094
722,0.168
723,0.05
724,0.038
725,0.086
726,0.194
727,0.19
728,0.192
729,0.212
730,0.178
731,0.116
732,0.056
733,0.202
734,0.386
735,0.276
736,0.106
737,0.276
738,0.284
739,0.752
740,0.246
741,0.22
742,0
743,0.082
744,0.26
745,0.314
746,0.01
747,0.09
748,0.124
749,0.086
750,0.22
751,0.156
752,0.102
753,0.06
754,0.406
755,0.074
756,0.054
757,0.156
758,0.136
759,0.25
760,0.168
761,0.258
762,0.104
763,0.198
764,0.202
765,0.152
766,0.28
767,0.134
768,0.068
769,0.1
770,0.068
771,0.07
772,0.538
773,0.206
774,0.22
775,0.284
776,0.178
777,0.222
778,0.092
779,0.252
780,0.084
781,0.074
782,0.098
783,0.418
784,0.15
785,0.118
786,0.518
787,0.192
788,0.124
789,0.258
790,0.012
791,0.046
792,0.178
793,0.652
794,0.712
795,0.112
796,0.42
797,0.192
798,0.154
799,0.364
800,0.252
801,0.12
802,0.07
803,0.178
804,0.232
805,0.062
806,0.456
807,0.174
808,0.49
809,0.61
810,0.182
811,0.19
812,0.016
813,0.514
814,0.112
815,0.65
816,0.072
817,0.112
818,0.394
819,0.13
820,0.226
821,0.136
822,0.106
823,0.352
824,0.348
825,0.086
826,0.126
827,0.028
828,0.044
829,0.118
830,0.238
831,0.514
832,0.112
833,0.238
834,0.226
835,0.146
836,0.198
837,0.056
838,0.17
839,0.068
840,0.162
841,0
842,0.012
843,0.336
844,0.172
845,0.196
846,0.014
847,0.192
848,0.126
849,0.018
850,0.092
851,0.006
852,0.158
853,0.122
854,0.336
855,0.104
856,0.022
857,0.084
858,0.03
859,0.072
860,0.064
861,0.186
862,0.308
863,0.068
864,0.2
865,0.146
866,0.242
867,0.382
868,0.426
869,0.13
870,0.1
871,0.166
872,0.504
873,0.17
874,0
875,0.41
876,0.42
877,0.576
878,0.12
879,0.056
880,0.012
881,0.146
882,0.074
883,0.154
884,0.044
885,0.054
886,0.5
887,0.412
888,0.07
889,0.188
890,0.136
891,0.228
892,0.184
893,0.242
894,0.22
895,0.444
896,0.06
897,0.174
898,0.092
899,0.016
900,0.142
901,0.264
902,0.054
903,0.196
904,0.576
905,0.158
906,0.12
907,0.178
908,0.018
909,0.454
910,0.08
911,0.392
912,0.348
913,0.114
914,0.262
915,0.052
916,0.222
917,0.206
918,0.016
919,0.056
920,0.152
921,0.062
922,0.204
923,0.152
924,0.082
925,0.04
926,0.164
927,0.176
928,0.176
929,0.062
930,0.056
931,0.09
932,0.098
933,0.15
934,0.6
935,0.096
936,0.066
937,0.644
938,0.132
939,0.086
940,0.126
941,0.13
942,0.434
943,0.012
944,0.176
945,0.012
946,0.172
947,0.35
948,0.208
949,0.1
950,0.456
951,0.09
952,0.06
953,0.058
954,0.042
955,0.312
956,0.112
957,0.11
958,0.47
959,0.226
960,0.162
961,0.184
962,0.23
963,0.072
964,0.172
965,0.174
966,0.31
967,0.244
968,0.112
969,0.272
970,0.152
971,0.154
972,0.27
973,0.096
974,0
975,0.368
976,0.074
977,0.378
978,0.154
979,0.118
980,0.05
981,0.232
982,0.538
983,0.182
984,0.024
985,0.172
986,0.114
987,0.092
988,0.034
989,0.122
990,0
991,0.616
992,0.182
993,0.202
994,0.48
995,0.46
996,0.042
997,0.31
998,0.066
999,0.12
1000,0.206
1001,0.468
1002,0.548
1003,0.13
1004,0.32
1005,0.148
1006,0.272
1007,0.084
1008,0.148
1009,0.186
1010,0.13
1011,0.224
1012,0.18
1013,0.03
1014,0.028
1015,0.062
1016,0.08
1017,0.366
1018,0.408
1019,0.322
1020,0.51
1021,0.142
1022,0.078
1023,0.276
1024,0.088
1025,0.522
1026,0.294
1027,0.24
1028,0.096
1029,0.09
1030,0.106
1031,0.268
1032,0.354
1033,0.044
1034,0.1
1035,0.09
1036,0.262
1037,0.554
1038,0.194
1039,0.048
1040,0.18
1041,0.284
1042,0.124
1043,0.076
1044,0.18
1045,0.134
1046,0.14
1047,0.08
1048,0.142
1049,0.1
1050,0.146
1051,0.214
1052,0.12
1053,0.072
1054,0.148
1055,0.146
1056,0.086
1057,0.116
1058,0.366
1059,0.08
1060,0.426
1061,0.24
1062,0.4
1063,0.026
1064,0.108
1065,0.424
1066,0.158
1067,0.414
1068,0.09
1069,0.2
1070,0.106
1071,0.182
1072,0.09
1073,0.056
1074,0.258
1075,0.61
1076,0.104
1077,0.194
1078,0.196
1079,0.262
1080,0.034
1081,0.102
1082,0.146
1083,0.446
1084,0.188
1085,0.232
1086,0.058
1087,0.076
1088,0.134
1089,0.232
1090,0.342
1091,0.262
1092,0.176
1093,0.118
1094,0.024
1095,0.068
1096,0.14
1097,0.066
1098,0.296
1099,0.104
1100,0.23
1101,0.128
1102,0.124
1103,0.078
1104,0.204
1105,0.524
1106,0.064
1107,0.108
1108,0.242
1109,0.26
1110,0.22
1111,0.022
1112,0.034
1113,0.302
1114,0.166
1115,0.15
1116,0.116
1117,0.226
1118,0.166
1119,0.186
1120,0.104
1121,0.272
1122,0.248
1123,0.49
1124,0.204
1125,0.142
1126,0.102
1127,0.116
1128,0.05
1129,0.2
1130,0.096
1131,0.26
1132,0.158
1133,0.044
1134,0.106
1135,0.484
1136,0.058
1137,0.072
1138,0.16
1139,0.348
1140,0.08
1141,0.336
1142,0.344
1143,0.408
1144,0.134
1145,0.342
1146,0.23
1147,0.216
1148,0.086
1149,0.04
1150,0.128
1151,0.144
1152,0.206
1153,0.308
1154,0.354
1155,0.29
1156,0.356
1157,0.172
1158,0.036
1159,0.036
1160,0.222
1161,0.074
1162,0.116
1163,0.13
1164,0.072
1165,0.094
1166,0.668
1167,0.094
1168,0.256
1169,0.382
1170,0.116
1171,0.12
1172,0.142
1173,0.196
1174,0.156
1175,0.696
1176,0.096
1177,0.256
1178,0.11
1179,0.054
1180,0.02
1181,0.06
1182,0.162
1183,0.048
1184,0.15
1185,0.038
1186,0.308
1187,0.43
1188,0.062
1189,0.138
1190,0.128
1191,0.126
1192,0.028
1193,0.15
1194,0.236
1195,0.09
1196,0.052
1197,0.126
1198,0.11
1199,0.19
1200,0.454
1201,0.078
1202,0.116
1203,0.458
1204,0.146
1205,0.202
1206,0.362
1207,0.22
1208,0.278
1209,0.088
1210,0.066
1211,0.104
1212,0.15
1213,0.004
1214,0.318
1215,0.388
1216,0.162
1217,0.166
1218,0.214
1219,0.098
1220,0.11
1221,0.01
1222,0.044
1223,0.206
1224,0.162
1225,0.088
1226,0.028
1227,0.04
1228,0.106
1229,0.932
1230,0.072
1231,0.202
1232,0.196
1233,0.456
1234,0.102
1235,0.134
1236,0.112
1237,0.158
1238,0.044
1239,0.504
1240,0.08
1241,0.486
1242,0.036
1243,0.11
1244,0.288
1245,0.066
1246,0.074
1247,0.126
1248,0
1249,0.142
1250,0.276
1251,0.122
1252,0.484
1253,0.238
1254,0.08
1255,0.044
1256,0.044
1257,0.098
1258,0.14
1259,0
1260,0.018
1261,0.054
1262,0.154
1263,0.146
1264,0.138
1265,0.106
1266,0.094
1267,0.27
1268,0.036
1269,0.168
1270,0.208
1271,0.318
1272,0.072
1273,0.094
1274,0.306
1275,0.38
1276,0.278
1277,0.082
1278,0.128
1279,0.914
1280,0.094
1281,0.396
1282,0.216
1283,0.024
1284,0.216
1285,0.05
1286,0.052
1287,0.168
1288,0.176
1289,0.214
1290,0.122
1291,0.242
1292,0.23
1293,0.584
1294,0.166
1295,0.096
1296,0.36
1297,0.208
1298,0.23
1299,0.216
1300,0.196
1301,0.206
1302,0.128
1303,0.256
1304,0.482
1305,0.252
1306,0.51
1307,0.048
1308,0.152
1309,0.152
1310,0.206
1311,0.048
1312,0.094
1313,0.152
1314,0.17
1315,0.314
1316,0.07
1317,0.384
1318,0.052
1319,0.058
1320,0.286
1321,0.59
1322,0.256
1323,0.28
1324,0.306
1325,0.11
1326,0.118
1327,0.194
1328,0.076
1329,0.13
1330,0.044
1331,0.076
1332,0.156
1333,0.506
1334,0.234
1335,0.2
1336,0.09
1337,0.402
1338,0.054
1339,0.23
1340,0.044
1341,0.136
1342,0.064
1343,0.24
1344,0.09
1345,0.056
1346,0.126
1347,0.354
1348,0.216
1349,0.332
1350,0.292
1351,0.094
1352,0
1353,0.002
1354,0.412
1355,0.038
1356,0.224
1357,0.07
1358,0.192
1359,0.034
1360,0.168
1361,0.418
1362,0.524
1363,0.038
1364,0.132
1365,0.16
1366,0.12
1367,0.282
1368,0.064
1369,0.448
1370,0.036
1371,0
1372,0.176
1373,0.296
1374,0.192
1375,0.216
1376,0.176
1377,0.404
1378,0.592
1379,0.068
1380,0.522
1381,0.41
1382,0.032
1383,0.064
1384,0.558
1385,0.098
1386,0.108
1387,0.096
1388,0.182
1389,0.244
1390,0.136
1391,0
1392,0.006
1393,0.202
1394,0.532
1395,0.122
1396,0.078
1397,0.25
1398,0.16
1399,0.166
1400,0.082
1401,0.032
1402,0.212
1403,0.214
1404,0.11
1405,0.006
1406,0.018
1407,0.106
1408,0.038
1409,0.216
1410,0.052
1411,0.024
1412,0.124
1413,0.078
1414,0.022
1415,0.044
1416,0.562
1417,0.128
1418,0.096
1419,0.154
1420,0.656
1421,0.208
1422,0.19
1423,0.178
1424,0.168
1425,0.236
1426,0.11
1427,0.13
1428,0.226
1429,0.234
1430,0.18
1431,0.098
1432,0.48
1433,0.096
1434,0.158
1435,0.176
1436,0.122
1437,0.112
1438,0.058
1439,0.424
1440,0.22
1441,0.062
1442,0.418
1443,0.176
1444,0.168
1445,0.84
1446,0.218
1447,0.096
1448,0.074
1449,0.152
1450,0.382
1451,0.15
1452,0.338
1453,0.094
1454,0.164
1455,0.154
1456,0.396
1457,0.348
1458,0.422
1459,0.088
1460,0.012
1461,0.152
1462,0.52
1463,0.092
1464,0.014
1465,0.234
1466,0.12
1467,0.098
1468,0.188
1469,0.092
1470,0.188
1471,0.042
1472,0.138
1473,0.14
1474,0.264
1475,0.04
1476,0.116
1477,0.272
1478,0.102
1479,0.042
1480,0.522
1481,0.068
1482,0.112
1483,0.226
1484,0.054
1485,0.424
1486,0.182
1487,0.152
1488,0.084
1489,0.184
1490,0.018
1491,0.104
1492,0.106
1493,0.042
1494,0.262
1495,0.042
1496,0.036
1497,0.198
1498,0.29
1499,0.086
1500,0.036
1501,0.16
1502,0.05
1503,0.27
1504,0.156
1505,0.02
1506,0.16
1507,0.248
1508,0.138
1509,0.454
1510,0.212
1511,0.294
1512,0.192
1513,0.566
1514,0.076
1515,0.142
1516,0.158
1517,0.496
1518,0.224
1519,0.078
1520,0.124
1521,0.132
1522,0.08
1523,0.164
1524,0.038
1525,0.418
1526,0.09
1527,0.044
1528,0.128
1529,0.19
1530,0.372
1531,0.114
1532,0.022
1533,0.128
1534,0.288
1535,0.148
1536,0.124
1537,0.27
1538,0.124
1539,0.1
1540,0.354
1541,0.064
1542,0.376
1543,0.394
1544,0.218
1545,0.102
1546,0.142
1547,0.104
1548,0.078
1549,0.314
1550,0.192
1551,0.158
1552,0.178
1553,0.3
1554,0.078
1555,0.194
1556,0.242
1557,0.084
1558,0.304
1559,0.076
1560,0.602
1561,0.188
1562,0.218
1563,0.102
1564,0.358
1565,0.086
1566,0.036
1567,0.116
1568,0.218
1569,0.062
1570,0.236
1571,0.15
1572,0.084
1573,0.35
1574,0.134
1575,0.232
1576,0.432
1577,0.344
1578,0.374
1579,0.038
1580,0.066
1581,0.906
1582,0.088
1583,0.268
1584,0.216
1585,0.464
1586,0.098
1587,0.17
1588,0.132
1589,0.17
1590,0.274
1591,0.12
1592,0.182
1593,0.288
1594,0.066
1595,0.468
1596,0.25
1597,0.264
1598,0.278
1599,0.16
1600,0.12
1601,0.182
1602,0.022
1603,0.222
1604,0.09
1605,0.21
1606,0.18
1607,0.542
1608,0.23
1609,0.426
1610,0.036
1611,0.07
1612,0.182
1613,0.1
1614,0.122
1615,0.274
1616,0.184
1617,0.148
1618,0.082
1619,0.04
1620,0.174
1621,0.088
1622,0.194
1623,0.328
1624,0.162
1625,0.132
1626,0.216
1627,0.402
1628,0.148
1629,0.154
1630,0.334
1631,0.094
1632,0.224
1633,0.102
1634,0.122
1635,0.19
1636,0.02
1637,0.5
1638,0.15
1639,0.264
1640,0.086
1641,0.06
1642,0
1643,0.152
1644,0.468
1645,0.18
1646,0.404
1647,0.102
1648,0.102
1649,0.488
1650,0.104
1651,0.272
1652,0.044
1653,0.15
1654,0.152
1655,0.086
1656,0.182
1657,0.22
1658,0.226
1659,0.172
1660,0.072
1661,0.146
1662,0.284
1663,0.164
1664,0.536
1665,0.118
1666,0.13
1667,0.2
1668,0.14
1669,0.048
1670,0.236
1671,0.286
1672,0.32
1673,0.018
1674,0.202
1675,0
1676,0.426
1677,0.09
1678,0.136
1679,0.1
1680,0.294
1681,0.1
1682,0.152
1683,0.208
1684,0.088
1685,0.108
1686,0.052
1687,0.046
1688,0.162
1689,0.082
1690,0.126
1691,0.228
1692,0.084
1693,0.11
1694,0.358
1695,0.144
1696,0.114
1697,0.332
1698,0.23
1699,0.178
1700,0.03
1701,0.12
1702,0.072
1703,0.07
1704,0.018
1705,0.252
1706,0.078
1707,0.152
1708,0.07
1709,0.124
1710,0.226
1711,0.162
1712,0.086
1713,0.42
1714,0.188
1715,0.186
1716,0.44
1717,0.12
1718,0.3
1719,0.252
1720,0.106
1721,0.274
1722,0.05
1723,0
1724,0.088
1725,0.142
1726,0.34
1727,0.512
1728,0.524
1729,0.018
1730,0.266
1731,0.206
1732,0.522
1733,0.378
1734,0.334
1735,0.172
1736,0.104
1737,0.054
1738,0.282
1739,0.12
1740,0.126
1741,0.454
1742,0
1743,0.016
1744,0.064
1745,0.398
1746,0.34
1747,0.158
1748,0.24
1749,0.034
1750,0.276
1751,0.106
1752,0.184
1753,0.072
1754,0.356
1755,0.136
1756,0.272
1757,0.414
1758,0.114
1759,0.086
1760,0.204
1761,0.568
1762,0.104
1763,0.498
1764,0.2
1765,0.048
1766,0.214
1767,0.148
1768,0.248
1769,0.248
1770,0.178
1771,0.21
1772,0.108
1773,0.52
1774,0.216
1775,0.136
1776,0.282
1777,0.39
1778,0.282
1779,0.116
1780,0.162
1781,0.064
1782,0.144
1783,0.1
1784,0.13
1785,0.096
1786,0.154
1787,0.186
1788,0.14
1789,0.014
1790,0.572
1791,0.086
1792,0.438
1793,0.064
1794,0.04
1795,0.292
1796,0.122
1797,0.22
1798,0.498
1799,0.224
1800,0.324
1801,0.274
1802,0.156
1803,0.292
1804,0.456
1805,0.204
1806,0.036
1807,0.188
1808,0.118
1809,0.34
1810,0.194
1811,0.192
1812,0.034
1813,0.22
1814,0.15
1815,0.126
1816,0.156
1817,0.178
1818,0.052
1819,0.098
1820,0.218
1821,0.204
1822,0.194
1823,0.128
1824,0.132
1825,0.458
1826,0.076
1827,0.312
1828,0.284
1829,0.274
1830,0.138
1831,0.022
1832,0.428
1833,0
1834,0.188
1835,0.238
1836,0.024
1837,0.254
1838,0.508
1839,0.104
1840,0.162
1841,0.04
1842,0.066
1843,0.056
1844,0.136
1845,0.434
1846,0.206
1847,0.168
1848,0.146
1849,0.038
1850,0.14
1851,0.046
1852,0.03
1853,0.158
1854,0.116
1855,0.362
1856,0.152
1857,0.136
1858,0.094
1859,0.194
1860,0.014
1861,0.278
1862,0.18
1863,0.064
1864,0.316
1865,0.046
1866,0.012
1867,0.186
1868,0.046
1869,0.122
1870,0.07
1871,0.096
1872,0.012
1873,0.442
1874,0.156
1875,0.042
1876,0.034
1877,0.012
1878,0.096
1879,0.066
1880,0.252
1881,0.164
1882,0.404
1883,0.14
1884,0.19
1885,0.216
1886,0.09
1887,0.15
1888,0.152
1889,0.31
1890,0.154
1891,0.08
1892,0.094
1893,0.13
1894,0.098
1895,0.356
1896,0.122
1897,0.126
1898,0.198
1899,0.16
1900,0.048
1901,0.184
1902,0.188
1903,0.2
1904,0.206
1905,0.23
1906,0.13
1907,0.136
1908,0.062
1909,0.516
1910,0.394
1911,0.178
1912,0.048
1913,0.556
1914,0.046
1915,0.156
1916,0.088
1917,0.146
1918,0.274
1919,0.03
1920,0.426
1921,0.134
1922,0.08
1923,0.078
1924,0.122
1925,0.092
1926,0.52
1927,0.112
1928,0.296
1929,0.052
1930,0.134
1931,0.482
1932,0.088
1933,0.048
1934,0.022
1935,0.07
1936,0.274
1937,0.172
1938,0.296
1939,0.056
1940,0.102
1941,0.038
1942,0.104
1943,0.444
1944,0.124
1945,0.408
1946,0.058
1947,0.216
1948,0.182
1949,0.216
1950,0.114
1951,0.072
1952,0.134
1953,0.25
1954,0.152
1955,0.192
1956,0.01
1957,0.356
1958,0.134
1959,0.098
1960,0.198
1961,0.156
1962,0.038
1963,0.116
1964,0.058
1965,0.216
1966,0.312
1967,0.23
1968,0.38
1969,0.44
1970,0.102
1971,0.076
1972,0.23
1973,0.124
1974,0.19
1975,0.09
1976,0.336
1977,0.426
1978,0.16
1979,0.138
1980,0.406
1981,0.34
1982,0.238
1983,0.112
1984,0.246
1985,0.172
1986,0.114
1987,0.04
1988,0.016
1989,0.11
1990,0.068
1991,0.09
1992,0.388
1993,0.17
1994,0.106
1995,0.152
1996,0.066
1997,0.09
1998,0.398
1999,0.55
2000,0.036
2001,0.138
2002,0.296
2003,0.19
2004,0.092
2005,0.142
2006,0.122
2007,0.37
2008,0.172
2009,0.256
2010,0.322
2011,0.124
2012,0.362
2013,0.15
2014,0.288
2015,0.092
2016,0.076
2017,0.19
2018,0.264
2019,0.138
2020,0.274
2021,0.246
2022,0.228
2023,0.042
2024,0.218
2025,0.12
2026,0.284
2027,0.294
2028,0.198
2029,0.244
2030,0.054
2031,0.096
2032,0.324
2033,0.162
2034,0.272
2035,0.124
2036,0.456
2037,0.376
2038,0.18
2039,0.24
2040,0.106
2041,0.192
2042,0.056
2043,0.096
2044,0.274
2045,0.304
2046,0.052
2047,0.1
2048,0.18
2049,0.454
2050,0.192
2051,0.454
2052,0.304
2053,0.072
2054,0.076
2055,0.09
2056,0.114
2057,0.444
2058,0.08
2059,0.368
2060,0.17
2061,0.036
2062,0.166
2063,0.046
2064,0.14
2065,0.112
2066,0.464
2067,0.042
2068,0.102
2069,0.096
2070,0.164
2071,0.362
2072,0.012
2073,0.232
2074,0.052
2075,0.144
2076,0.102
2077,0.186
2078,0.054
2079,0.13
2080,0.048
2081,0.224
2082,0.036
2083,0.278
2084,0.186
2085,0.178
2086,0.274
2087,0.432
2088,0.188
2089,0.058
2090,0.126
2091,0.264
2092,0.078
2093,0.23
2094,0.304
2095,0.258
2096,0.254
2097,0.184
2098,0.148
2099,0.086
2100,0.18
2101,0.248
2102,0.012
2103,0.19
2104,0.042
2105,0.102
2106,0.192
2107,0.312
2108,0.034
2109,0.264
2110,0.206
2111,0.244
2112,0
2113,0.112
2114,0.16
2115,0.21
2116,0.102
2117,0.098
2118,0.088
2119,0.596
2120,0.084
2121,0.076
2122,0.05
2123,0.226
2124,0
2125,0.062
2126,0.152
2127,0.68
2128,0.504
2129,0.142
2130,0.092
2131,0.164
2132,0.586
2133,0.166
2134,0.086
2135,0.55
2136,0.152
2137,0.128
2138,0.208
2139,0.404
2140,0.142
2141,0.13
2142,0.208
2143,0.132
2144,0.104
2145,0.12
2146,0.492
2147,0.048
2148,0.118
2149,0.586
2150,0.078
2151,0.144
2152,0.488
2153,0.154
2154,0.184
2155,0.156
2156,0.06
2157,0.378
2158,0.144
2159,0.142
2160,0.012
2161,0.186
2162,0.098
2163,0.106
2164,0.486
2165,0.158
2166,0.078
2167,0.23
2168,0.164
2169,0.468
2170,0.17
2171,0.042
2172,0.192
2173,0.086
2174,0.132
2175,0.088
2176,0.128
2177,0.182
2178,0.244
2179,0.224
2180,0.412
2181,0.35
2182,0.248
2183,0.254
2184,0.208
2185,0.154
2186,0.064
2187,0.174
2188,0.204
2189,0.14
2190,0.248
2191,0.46
2192,0.304
2193,0.07
2194,0.208
2195,0.32
2196,0.212
2197,0.122
2198,0.142
2199,0.116
2200,0.05
2201,0.588
2202,0.226
2203,0.52
2204,0.284
2205,0.594
2206,0.216
2207,0.33
2208,0.36
2209,0.264
2210,0.544
2211,0.2
2212,0.04
2213,0.128
2214,0.332
2215,0.604
2216,0.142
2217,0.388
2218,0.214
2219,0.4
2220,0.098
2221,0.118
2222,0.142
2223,0.106
2224,0.076
2225,0.134
2226,0.198
2227,0.124
2228,0.374
2229,0.09
2230,0.148
2231,0.142
2232,0.272
2233,0.064
2234,0.048
2235,0.144
2236,0.028
2237,0.018
2238,0.19
2239,0.168
2240,0.056
2241,0.08
2242,0.38
2243,0.424
2244,0.044
2245,0.092
2246,0.072
2247,0.152
2248,0.094
2249,0.096
2250,0.134
2251,0.19
2252,0.006
2253,0.046
2254,0.342
2255,0.11
2256,0.052
2257,0.086
2258,0.536
2259,0.128
2260,0.156
2261,0.288
2262,0.066
2263,0.092
2264,0.204
2265,0.176
2266,0.168
2267,0.27
2268,0.02
2269,0.11
2270,0.098
2271,0.224
2272,0.022
2273,0.126
2274,0.084
2275,0.468
2276,0.294
2277,0.564
2278,0.18
2279,0.126
2280,0.044
2281,0.124
2282,0.06
2283,0.14
2284,0.242
2285,0.054
2286,0.326
2287,0.256
2288,0.436
2289,0.108
2290,0.13
2291,0.006
2292,0.254
2293,0.192
2294,0.09
2295,0.324
2296,0.01
2297,0.052
2298,0.096
2299,0.246
2300,0.112
2301,0.202
2302,0.072
2303,0.35
2304,0.102
2305,0.116
2306,0.07
2307,0.026
2308,0.1
2309,0.33
2310,0.322
2311,0.076
2312,0.124
2313,0.194
2314,0.514
2315,0.24
2316,0.046
2317,0.1
2318,0.018
2319,0.154
2320,0.064
2321,0.17
2322,0.436
2323,0.326
2324,0.346
2325,0.18
2326,0.298
2327,0.172
2328,0.046
2329,0.492
2330,0.184
2331,0.128
2332,0.346
2333,0.152
2334,0.24
2335,0.354
2336,0.204
2337,0.162
2338,0.07
2339,0.168
2340,0.216
2341,0.166
2342,0.072
2343,0.086
2344,0.268
2345,0.038
2346,0.07
2347,0.282
2348,0.082
2349,0.134
2350,0.246
2351,0.552
2352,0.096
2353,0.094
2354,0.226
2355,0.174
2356,0.494
2357,0.466
2358,0.11
2359,0.128
2360,0.17
2361,0.032
2362,0.136
2363,0.074
2364,0.24
2365,0.43
2366,0.086
2367,0.046
2368,0.102
2369,0.154
2370,0.16
2371,0.102
2372,0.096
2373,0.08
2374,0.088
2375,0.228
2376,0.056
2377,0.002
2378,0.158
2379,0.068
2380,0.09
2381,0.076
2382,0.036
2383,0.156
2384,0.186
2385,0.232
2386,0.142
2387,0.08
2388,0.24
2389,0.118
2390,0.182
2391,0.14
2392,0.522
2393,0.08
2394,0.16
2395,0.12
2396,0.128
2397,0.124
2398,0.078
2399,0.056
2400,0.076
2401,0.17
2402,0.02
2403,0.29
2404,0.056
2405,0.078
2406,0.052
2407,0.324
2408,0.218
2409,0.02
2410,0.356
2411,0.272
2412,0.298
2413,0.094
2414,0.112
2415,0.02
2416,0.074
2417,0.048
2418,0.138
2419,0.176
2420,0.286
2421,0.096
2422,0.3
2423,0.23
2424,0.382
2425,0.156
2426,0.268
2427,0.21
2428,0.658
2429,0.106
2430,0.072
2431,0.122
2432,0.246
2433,0.148
2434,0.146
2435,0.304
2436,0.278
2437,0.208
2438,0.04
2439,0.184
2440,0.046
2441,0.116
2442,0.308
2443,0
2444,0.082
2445,0.052
2446,0
2447,0.18
2448,0.1
2449,0.518
2450,0.328
2451,0.162
2452,0.078
2453,0.084
2454,0.35
2455,0.35
2456,0.444
2457,0.074
2458,0.266
2459,0.074
2460,0.114
2461,0.02
2462,0.172
2463,0.134
2464,0.11
2465,0.072
2466,0.1
2467,0.132
2468,0.206
2469,0.166
2470,0.044
2471,0.11
2472,0.416
2473,0.448
2474,0.036
2475,0.092
2476,0.17
2477,0.052
2478,0.096
2479,0.11
2480,0.028
2481,0.092
2482,0.218
2483,0.108
2484,0.07
2485,0.128
2486,0.026
2487,0.046
2488,0.078
2489,0.2
2490,0.17
2491,0.362
2492,0.338
2493,0.038
2494,0.458
2495,0.068
2496,0.114
2497,0.072
2498,0.126
2499,0.048
2500,0.454
2501,0.028
2502,0.078
2503,0.44
2504,0.198
2505,0.064
2506,0.434
2507,0.168
2508,0.356
2509,0.286
2510,0.052
2511,0.042
2512,0.154
2513,0.152
2514,0.064
2515,0.196
2516,0.174
2517,0.1
2518,0.206
2519,0.178
2520,0.084
2521,0.048
2522,0.082
2523,0.192
2524,0.248
2525,0.472
2526,0.18
2527,0.2
2528,0.154
2529,0.32
2530,0.362
2531,0.076
2532,0.168
2533,0.208
2534,0.086
2535,0.34
2536,0.04
2537,0.086
2538,0.39
2539,0.158
2540,0.104
2541,0.162
2542,0.02
2543,0.13
2544,0.226
2545,0.092
2546,0.03
2547,0.08
2548,0.07
2549,0.174
2550,0.48
2551,0.214
2552,0.082
2553,0.492
2554,0.03
2555,0.284
2556,0.384
2557,0.106
2558,0.136
2559,0.218
2560,0.024
2561,0.722
2562,0.296
2563,0.206
2564,0.06
2565,0
2566,0.222
2567,0
2568,0.038
2569,0.33
2570,0.28
2571,0.07
2572,0.326
2573,0.114
2574,0.148
2575,0.33
2576,0.128
2577,0.424
2578,0.114
2579,0.15
2580,0.102
2581,0.308
2582,0.204
2583,0.076
2584,0.178
2585,0.156
2586,0.022
2587,0.114
2588,0.076
2589,0.112
2590,0.062
2591,0.492
2592,0.546
2593,0.24
2594,0.078
2595,0.23
2596,0.114
2597,0.424
2598,0.222
2599,0.308
2600,0.444
2601,0.302
2602,0.178
2603,0.094
2604,0.182
2605,0.118
2606,0.096
2607,0.206
2608,0.072
2609,0.034
2610,0.158
2611,0.23
2612,0.1
2613,0.068
2614,0.028
2615,0.47
2616,0.116
2617,0.088
2618,0.186
2619,0.072
2620,0.23
2621,0.504
2622,0.298
2623,0.182
2624,0.146
2625,0.132
2626,0.378
2627,0.064
2628,0.122
2629,0.188
2630,0.154
2631,0.18
2632,0.248
2633,0.226
2634,0.122
2635,0.074
2636,0.476
2637,0.442
2638,0.088
2639,0.162
2640,0.192
2641,0.092
2642,0.01
2643,0.17
2644,0.228
2645,0.176
2646,0.34
2647,0.108
2648,0.022
2649,0.174
2650,0.196
2651,0.426
2652,0.082
2653,0.082
2654,0.152
2655,0.356
2656,0.082
2657,0.182
2658,0.07
2659,0.158
2660,0.52
2661,0.058
2662,0.162
2663,0.11
2664,0.162
2665,0.22
2666,0.214
2667,0.17
2668,0.072
2669,0.12
2670,0.064
2671,0.164
2672,0.204
2673,0.12
2674,0.478
2675,0.17
2676,0.498
2677,0.028
2678,0.134
2679,0.048
2680,0.098
2681,0.406
2682,0.182
2683,0.132
2684,0.038
2685,0.056
2686,0.596
2687,0
2688,0.264
2689,0.088
2690,0.058
2691,0.06
2692,0.126
2693,0.278
2694,0.098
2695,0.116
2696,0.436
2697,0.182
2698,0.15
2699,0.236
2700,0.042
2701,0.096
2702,0.206
2703,0.164
2704,0.068
2705,0.15
2706,0.048
2707,0.056
2708,0.314
2709,0.142
2710,0.352
2711,0.154
2712,0.442
2713,0.22
2714,0.386
2715,0.212
2716,0
2717,0.424
2718,0.306
2719,0.32
2720,0.04
2721,0.308
2722,0.038
2723,0.076
2724,0.192
2725,0.09
2726,0.07
2727,0.098
2728,0.02
2729,0.254
2730,0.084
2731,0.168
2732,0.206
2733,0.03
2734,0.176
2735,0.17
2736,0.068
2737,0
2738,0.206
2739,0.104
2740,0.162
2741,0.144
2742,0.036
2743,0.056
2744,0.192
2745,0.1
2746,0.232
2747,0.2
2748,0.542
2749,0.204
2750,0.198
2751,0.316
2752,0.4
2753,0.082
2754,0.102
2755,0
2756,0.194
2757,0.076
2758,0.402
2759,0.326
2760,0.152
2761,0.088
2762,0.238
2763,0.206
2764,0.096
2765,0.118
2766,0.162
2767,0.116
2768,0.168
2769,0.158
2770,0.046
2771,0.122
2772,0.106
2773,0.06
2774,0.044
2775,0.322
2776,0.148
2777,0.16
2778,0.164
2779,0.524
2780,0.108
2781,0.076
2782,0.05
2783,0.11
2784,0.094
2785,0.93
2786,0.202
2787,0.054
2788,0.198
2789,0.122
2790,0.184
2791,0.156
2792,0.038
2793,0.116
2794,0.16
2795,0.106
2796,0.118
2797,0.51
2798,0.258
2799,0.064
2800,0.13
2801,0.086
2802,0.264
2803,0.208
2804,0.146
2805,0.114
2806,0.194
2807,0.62
2808,0.174
2809,0.15
2810,0.114
2811,0.126
2812,0.122
2813,0.23
2814,0.046
2815,0.164
2816,0.038
2817,0.44
2818,0
2819,0.526
2820,0.072
2821,0.204
2822,0.068
2823,0.154
2824,0.794
2825,0.02
2826,0.134
2827,0.098
2828,0.286
2829,0.194
2830,0.134
2831,0.194
2832,0.068
2833,0.69
2834,0.2
2835,0.16
2836,0.232
2837,0.18
2838,0.254
2839,0.182
2840,0.056
2841,0.22
2842,0.27
2843,0.122
2844,0.448
2845,0.082
2846,0.076
2847,0
2848,0.028
2849,0.14
2850,0.652
2851,0.108
2852,0.076
2853,0.234
2854,0.058
2855,0.154
2856,0.152
2857,0.128
2858,0.244
2859,0.368
2860,0.546
2861,0.046
2862,0.332
2863,0.236
2864,0.126
2865,0.194
2866,0.376
2867,0.208
2868,0.184
2869,0.02
2870,0.358
2871,0.12
2872,0.15
2873,0.14
2874,0.038
2875,0.16
2876,0.108
2877,0.322
2878,0.014
2879,0.506
2880,0.416
2881,0.03
2882,0.068
2883,0.158
2884,0.174
2885,0.294
2886,0.008
2887,0.018
2888,0
2889,0.222
2890,0.088
2891,0.074
2892,0.096
2893,0.28
2894,0.094
2895,0.356
2896,0.548
2897,0.656
2898,0.2
2899,0.094
2900,0.282
2901,0.048
2902,0.498
2903,0.114
2904,0.598
2905,0.084
2906,0.282
2907,0.482
2908,0.058
2909,0.02
2910,0.26
2911,0.152
2912,0.064
2913,0.112
2914,0.058
2915,0.302
2916,0.052
2917,0.266
2918,0.164
2919,0.138
2920,0.218
2921,0.16
2922,0.034
2923,0.108
2924,0.102
2925,0.156
2926,0.378
2927,0.372
2928,0.15
2929,0.054
2930,0.464
2931,0.34
2932,0.014
2933,0.25
2934,0.048
2935,0.24
2936,0.084
2937,0.034
2938,0.088
2939,0.416
2940,0.396
2941,0.254
2942,0.194
2943,0.462
2944,0.184
2945,0.126
2946,0.174
2947,0.124
2948,0.176
2949,0.042
2950,0.264
2951,0.106
2952,0.032
2953,0.236
2954,0.018
2955,0.052
2956,0.432
2957,0.116
2958,0.378
2959,0.172
2960,0.09
2961,0.144
2962,0.098
2963,0.404
2964,0.18
2965,0.262
2966,0.424
2967,0.074
2968,0.116
2969,0.044
2970,0.4
2971,0.176
2972,0.086
2973,0.074
2974,0.16
2975,0.268
2976,0.26
2977,0.128
2978,0.162
2979,0.372
2980,0.102
2981,0.358
2982,0.184
2983,0.102
2984,0.048
2985,0.094
2986,0.16
2987,0.522
2988,0.08
2989,0.178
2990,0.264
2991,0.162
2992,0.028
2993,0.06
2994,0.184
2995,0.01
2996,0.482
2997,0.086
2998,0.28
2999,0.128
3000,0.1
3001,0.038
3002,0.51
3003,0.02
3004,0.154
3005,0.394
3006,0.084
3007,0.102
3008,0.07
3009,0.124
3010,0.118
3011,0.172
3012,0.156
3013,0.176
3014,0.064
3015,0.494
3016,0.32
3017,0.084
3018,0.052
3019,0.482
3020,0.046
3021,0.476
3022,0.47
3023,0.124
3024,0.026
3025,0.09
3026,0.248
3027,0.026
3028,0.154
3029,0.256
3030,0.112
3031,0.242
3032,0.276
3033,0.03
3034,0.282
3035,0.134
3036,0.04
3037,0.492
3038,0.116
3039,0.128
3040,0.41
3041,0.344
3042,0.212
3043,0.124
3044,0.254
3045,0.22
3046,0.126
3047,0.024
3048,0.608
3049,0.128
3050,0.546
3051,0.16
3052,0.402
3053,0.136
3054,0.208
3055,0.02
3056,0.2
3057,0.094
3058,0.17
3059,0.184
3060,0.098
3061,0.128
3062,0.018
3063,0.088
3064,0.022
3065,0.466
3066,0.862
3067,0.836
3068,0.01
3069,0.112
3070,0.06
3071,0.446
3072,0.21
3073,0.256
3074,0.24
3075,0.19
3076,0.256
3077,0.63
3078,0.046
3079,0.09
3080,0.1
3081,0.108
3082,0.248
3083,0.278
3084,0.254
3085,0.14
3086,0.238
3087,0.142
3088,0.246
3089,0.084
3090,0.406
3091,0.064
3092,0.134
3093,0.186
3094,0.332
3095,0.474
3096,0.054
3097,0.538
3098,0.054
3099,0.072
3100,0.146
3101,0.218
3102,0.422
3103,0.042
3104,0.338
3105,0.05
3106,0.08
3107,0.146
3108,0.29
3109,0.082
3110,0.064
3111,0.112
3112,0.358
3113,0.042
3114,0.27
3115,0.462
3116,0.048
3117,0.186
3118,0.106
3119,0.268
3120,0.274
3121,0.072
3122,0.024
3123,0.134
3124,0.166
3125,0.438
3126,0.494
3127,0.452
3128,0.232
3129,0.156
3130,0.138
3131,0.394
3132,0.116
3133,0.198
3134,0.05
3135,0.154
3136,0.422
3137,0.554
3138,0.182
3139,0.102
3140,0.362
3141,0.208
3142,0.464
3143,0.056
3144,0.116
3145,0.06
3146,0.13
3147,0.376
3148,0.166
3149,0.064
3150,0.022
3151,0.128
3152,0.19
3153,0.102
3154,0.27
3155,0.176
3156,0.08
3157,0.498
3158,0.18
3159,0.358
3160,0.372
3161,0.136
3162,0.206
3163,0.116
3164,0.334
3165,0.028
3166,0.164
3167,0.05
3168,0.1
3169,0.158
3170,0.37
3171,0.12
3172,0.05
3173,0.184
3174,0.04
3175,0.514
3176,0.134
3177,0.098
3178,0.526
3179,0.304
3180,0.342
3181,0.19
3182,0.062
3183,0.078
3184,0.138
3185,0.028
3186,0.092
3187,0.128
3188,0.072
3189,0.188
3190,0.086
3191,0.212
3192,0.092
3193,0.078
3194,0.23
3195,0.092
3196,0.1
3197,0.13
3198,0.136
3199,0.202
3200,0.116
3201,0.178
3202,0.176
3203,0.11
3204,0.09
3205,0.122
3206,0.124
3207,0.174
3208,0.034
3209,0.134
3210,0.106
3211,0.102
3212,0.134
3213,0.028
3214,0.08
3215,0.13
3216,0.274
3217,0.218
3218,0.158
3219,0.098
3220,0.446
3221,0.03
3222,0.258
3223,0.464
3224,0.084
3225,0.076
3226,0.238
3227,0.144
3228,0.154
3229,0.274
3230,0.158
3231,0.16
3232,0.13
3233,0.21
3234,0.078
3235,0.244
3236,0.168
3237,0.052
3238,0.238
3239,0.046
3240,0.158
3241,0.37
3242,0.228
3243,0.19
3244,0.016
3245,0.188
3246,0.214
3247,0.018
3248,0.154
3249,0.402
3250,0.282
3251,0.944
3252,0.092
3253,0.066
3254,0.34
3255,0.212
3256,0.05
3257,0.128
3258,0.176
3259,0.04
3260,0.506
3261,0.126
3262,0.252
3263,0.136
3264,0.488
3265,0.324
3266,0.028
3267,0.072
3268,0.152
3269,0.074
3270,0.072
3271,0.428
3272,0.136
3273,0.104
3274,0.116
3275,0.432
3276,0.126
3277,0.156
3278,0.142
3279,0.272
3280,0.144
3281,0.064
3282,0.44
3283,0.074
3284,0.114
3285,0.114
3286,0.288
3287,0.422
3288,0.116
3289,0.144
3290,0.104
3291,0.17
3292,0.05
3293,0.192
3294,0.178
3295,0.148
3296,0.07
3297,0.114
3298,0.142
3299,0.184
3300,0.216
3301,0.056
3302,0.248
3303,0.236
3304,0
3305,0.146
3306,0.378
3307,0.084
3308,0.094
3309,0.206
3310,0.128
3311,0.094
3312,0.022
3313,0.114
3314,0.2
3315,0.246
3316,0.106
3317,0.08
3318,0.086
3319,0.2
3320,0.342
3321,0.052
3322,0.054
3323,0.15
3324,0.03
3325,0.184
3326,0.068
3327,0.156
3328,0.034
3329,0.216
3330,0.072
3331,0.102
3332,0.242
3333,0.184
3334,0.09
3335,0.126
3336,0.52
3337,0.044
3338,0.008
3339,0.116
3340,0.308
3341,0.212
3342,0.266
3343,0.064
3344,0.074
3345,0.078
3346,0.164
3347,0.082
3348,0.17
3349,0.342
3350,0.214
3351,0.116
3352,0.084
3353,0.25
3354,0.088
3355,0.216
3356,0.114
3357,0.062
3358,0.044
3359,0.148
3360,0.318
3361,0.164
3362,0.35
3363,0.478
3364,0
3365,0.082
3366,0.3
3367,0.034
3368,0.394
3369,0.244
3370,0.072
3371,0.44
3372,0.176
3373,0.138
3374,0.068
3375,0.168
3376,0.052
3377,0.158
3378,0.148
3379,0.152
3380,0.046
3381,0.182
3382,0.192
3383,0.028
3384,0.096
3385,0.244
3386,0.422
3387,0.282
3388,0.096
3389,0.394
3390,0.018
3391,0.194
3392,0.504
3393,0.072
3394,0.248
3395,0.226
3396,0.25
3397,0.02
3398,0
3399,0.17
3400,0.084
3401,0.04
3402,0.038
3403,0.528
3404,0.2
3405,0.058
3406,0.184
3407,0.068
3408,0.374
3409,0.12
3410,0.228
3411,0.17
3412,0.392
3413,0.202
3414,0.432
3415,0.046
3416,0.034
3417,0.056
3418,0.294
3419,0.33
3420,0.138
3421,0.148
3422,0.226
3423,0.234
3424,0.246
3425,0.354
3426,0.102
3427,0.54
3428,0
3429,0.044
3430,0.426
3431,0.246
3432,0.116
3433,0.332
3434,0.182
3435,0.24
3436,0
3437,0.23
3438,0.194
3439,0.804
3440,0.422
3441,0.08
3442,0.202
3443,0.256
3444,0.31
3445,0.21
3446,0.208
3447,0.09
3448,0.272
3449,0.02
3450,0.102
3451,0.024
3452,0.204
3453,0.188
3454,0.17
3455,0.214
3456,0.096
3457,0.142
3458,0.11
3459,0.03
3460,0.052
3461,0.21
3462,0.27
3463,0.08
3464,0.126
3465,0.114
3466,0.274
3467,0.224
3468,0.424
3469,0.138
3470,0.222
3471,0.202
3472,0.28
3473,0.156
3474,0.552
3475,0.128
3476,0.324
3477,0.104
3478,0.22
3479,0.378
3480,0.126
3481,0.146
3482,0.144
3483,0.174
3484,0.172
3485,0.15
3486,0.128
3487,0.062
3488,0.08
3489,0.176
3490,0.226
3491,0.184
3492,0.138
3493,0.1
3494,0.234
3495,0.298
3496,0.178
3497,0.886
3498,0.124
3499,0.116
3500,0.248
3501,0.088
3502,0.074
3503,0.084
3504,0.06
3505,0.17
3506,0.132
3507,0.128
3508,0.12
3509,0.038
3510,0.354
3511,0.178
3512,0.054
3513,0.294
3514,0.062
3515,0.046
3516,0.248
3517,0.58
3518,0.566
3519,0.17
3520,0.192
3521,0.152
3522,0.178
3523,0.2
3524,0.192
3525,0.17
3526,0.54
3527,0.306
3528,0.184
3529,0.504
3530,0.344
3531,0.126
3532,0.118
3533,0.026
3534,0.414
3535,0.364
3536,0.178
3537,0.268
3538,0.168
3539,0.132
3540,0.3
3541,0.014
3542,0.61
3543,0.112
3544,0.2
3545,0.302
3546,0.27
3547,0.044
3548,0.132
3549,0.22
3550,0.508
3551,0.178
3552,0
3553,0.214
3554,0.038
3555,0.184
3556,0.01
3557,0.182
3558,0.454
3559,0.118
3560,0.378
3561,0.112
3562,0.268
3563,0.484
3564,0.112
3565,0.456
3566,0.232
3567,0.292
3568,0.066
3569,0.192
3570,0
3571,0.198
3572,0.118
3573,0.104
3574,0.33
3575,0
3576,0.064
3577,0.138
3578,0.156
3579,0
3580,0.134
3581,0.112
3582,0.042
3583,0.074
3584,0.226
3585,0.488
3586,0.128
3587,0.23
3588,0.404
3589,0.186
3590,0.134
3591,0.368
3592,0.116
3593,0.262
3594,0.392
3595,0.504
3596,0.444
3597,0.352
3598,0.286
3599,0.09
3600,0.122
3601,0.096
3602,0.094
3603,0.082
3604,0.112
3605,0.138
3606,0.21
3607,0.242
3608,0.298
3609,0.18
3610,0.16
3611,0.256
3612,0.164
3613,0.072
3614,0.116
3615,0.094
3616,0.162
3617,0.184
3618,0.042
3619,0.184
3620,0.13
3621,0.122
3622,0.056
3623,0.098
3624,0.292
3625,0.068
3626,0.076
3627,0.052
3628,0.29
3629,0.062
3630,0.086
3631,0.072
3632,0.458
3633,0.232
3634,0.182
3635,0.088
3636,0.068
3637,0.03
3638,0.064
3639,0.178
3640,0.218
3641,0.136
3642,0.134
3643,0.086
3644,0.162
3645,0.462
3646,0.052
3647,0.666
3648,0.172
3649,0.202
3650,0.15
3651,0.086
3652,0.25
3653,0.088
3654,0.136
3655,0.15
3656,0.18
3657,0.106
3658,0.206
3659,0.29
3660,0.514
3661,0.332
3662,0.098
3663,0.154
3664,0.098
3665,0.002
3666,0.214
3667,0.426
3668,0.238
3669,0.136
3670,0.202
3671,0.254
3672,0.106
3673,0.13
3674,0.134
3675,0.076
3676,0.35
3677,0.084
3678,0.044
3679,0.092
3680,0.31
3681,0.078
3682,0.446
3683,0.158
3684,0.14
3685,0.15
3686,0.13
3687,0.222
3688,0.15
3689,0.176
3690,0.248
3691,0.028
3692,0.006
3693,0.05
3694,0.134
3695,0.152
3696,0.408
3697,0.088
3698,0.062
3699,0.248
3700,0.05
3701,0.11
3702,0.256
3703,0.22
3704,0.16
3705,0.32
3706,0.2
3707,0.056
3708,0.034
3709,0.164
3710,0.192
3711,0.44
3712,0.2
3713,0.092
3714,0.228
3715,0.352
3716,0.04
3717,0.03
3718,0.028
3719,0.004
3720,0.064
3721,0.032
3722,0.12
3723,0.424
3724,0.098
3725,0.092
3726,0.24
3727,0.052
3728,0.118
3729,0.098
3730,0.116
3731,0.004
3732,0.49
3733,0.42
3734,0.092
3735,0.336
3736,0.164
3737,0.082
3738,0.238
3739,0.054
3740,0.2
3741,0.308
3742,0.376
3743,0.114
3744,0.408
3745,0.088
3746,0.12
3747,0.076
3748,0.386
3749,0.404
3750,0.032
3751,0.452
3752,0.47
3753,0.13
3754,0.184
3755,0.088
3756,0.252
3757,0.096
3758,0.386
3759,0.148
3760,0.388
3761,0.12
3762,0.152
3763,0.316
3764,0.206
3765,0.174
3766,0.174
3767,0.43
3768,0.284
3769,0.14
3770,0.386
3771,0.47
3772,0.22
3773,0.296
3774,0.476
3775,0.094
3776,0.17
3777,0.296
3778,0.562
3779,0.412
3780,0.214
3781,0.242
3782,0.044
3783,0.016
3784,0.288
3785,0.018
3786,0.346
3787,0.274
3788,0.082
3789,0.174
3790,0.522
3791,0.276
3792,0.234
3793,0.076
3794,0.336
3795,0.236
3796,0.19
3797,0.124
3798,0.05
3799,0.092
3800,0.512
3801,0.27
3802,0.058
3803,0.402
3804,0.018
3805,0.222
3806,0.514
3807,0.304
3808,0.15
3809,0.294
3810,0.106
3811,0.376
3812,0.074
3813,0.522
3814,0.222
3815,0
3816,0.196
3817,0.05
3818,0.058
3819,0.164
3820,0.064
3821,0.462
3822,0.204
3823,0.148
3824,0.182
3825,0.468
3826,0.16
3827,0.126
3828,0.078
3829,0.43
3830,0.084
3831,0.426
3832,0.132
3833,0.064
3834,0.354
3835,0.058
3836,0.14
3837,0.164
3838,0.09
3839,0.148
3840,0.108
3841,0.2
3842,0.036
3843,0.278
3844,0.438
3845,0.062
3846,0.534
3847,0.344
3848,0.042
3849,0.162
3850,0.36
3851,0.17
3852,0.234
3853,0.148
3854,0.062
3855,0.17
3856,0.04
3857,0.158
3858,0.214
3859,0.12
3860,0.31
3861,0.2
3862,0.162
3863,0.082
3864,0.504
3865,0.034
3866,0.33
3867,0.136
3868,0.096
3869,0.074
3870,0.212
3871,0.11
3872,0.056
3873,0.074
3874,0.178
3875,0.186
3876,0.076
3877,0.188
3878,0.134
3879,0.398
3880,0.038
3881,0.05
3882,0.068
3883,0.186
3884,0.226
3885,0.13
3886,0.474
3887,0.072
3888,0.048
3889,0.25
3890,0
3891,0.118
3892,0.082
3893,0.12
3894,0.222
3895,0.092
3896,0.114
3897,0.066
3898,0.072
3899,0.172
3900,0.212
3901,0.074
3902,0.606
3903,0.176
3904,0.092
3905,0.472
3906,0.188
3907,0.066
3908,0.226
3909,0.172
3910,0.422
3911,0.062
3912,0.072
3913,0.018
3914,0.234
3915,0.138
3916,0.142
3917,0.114
3918,0.106
3919,0.082
3920,0.112
3921,0.094
3922,0.442
3923,0.46
3924,0.118
3925,0.114
3926,0.108
3927,0.11
3928,0.086
3929,0.218
3930,0.05
3931,0.196
3932,0.23
3933,0.05
3934,0.198
3935,0.172
3936,0.244
3937,0.168
3938,0.13
3939,0.05
3940,0.184
3941,0.118
3942,0.082
3943,0.078
3944,0.218
3945,0.14
3946,0.096
3947,0.202
3948,0.278
3949,0.308
3950,0.172
3951,0.158
3952,0.108
3953,0.096
3954,0.074
3955,0.452
3956,0.132
3957,0.134
3958,0.066
3959,0.49
3960,0.088
3961,0.248
3962,0.168
3963,0.194
3964,0.092
3965,0.134
3966,0.054
3967,0.024
3968,0.156
3969,0.258
3970,0.112
3971,0.33
3972,0.056
3973,0.16
3974,0.128
3975,0.222
3976,0.164
3977,0.072
3978,0.16
3979,0.22
3980,0.118
3981,0.146
3982,0.268
3983,0.082
3984,0.108
3985,0.176
3986,0.216
3987,0.268
3988,0.136
3989,0.112
3990,0.132
3991,0.338
3992,0.2
3993,0.066
3994,0.098
3995,0.188
3996,0.43
3997,0.006
3998,0.054
3999,0.062
4000,0.05
4001,0.096
4002,0.174
4003,0.17
4004,0.218
4005,0.068
4006,0.192
4007,0.07
4008,0.112
4009,0.026
4010,0.19
4011,0.134
4012,0.566
4013,0.022
4014,0.282
4015,0.122
4016,0.096
4017,0.154
4018,0.096
4019,0.126
4020,0.116
4021,0.144
4022,0.714
4023,0.094
4024,0.12
4025,0.236
4026,0.096
4027,0.132
4028,0.054
4029,0.092
4030,0.07
4031,0.128
4032,0.062
4033,0.038
4034,0.174
4035,0.108
4036,0.182
4037,0.002
4038,0.038
4039,0.482
4040,0.14
4041,0
4042,0.046
4043,0.138
4044,0.164
4045,0.152
4046,0.086
4047,0.056
4048,0.408
4049,0.548
4050,0.092
4051,0.132
4052,0.228
4053,0.076
4054,0.128
4055,0.118
4056,0.446
4057,0.076
4058,0.176
4059,0.198
4060,0.304
4061,0.128
4062,0.278
4063,0.098
4064,0.126
4065,0.558
4066,0.114
4067,0.484
4068,0.152
4069,0.076
4070,0.096
4071,0.126
4072,0
4073,0.066
4074,0.088
4075,0.234
4076,0.188
4077,0.182
4078,0.172
4079,0.052
4080,0.144
4081,0.348
4082,0.294
4083,0.504
4084,0.026
4085,0.16
4086,0.582
4087,0.352
4088,0.018
4089,0.236
4090,0.102
4091,0.062
4092,0.106
4093,0.246
4094,0.398
4095,0.112
4096,0.07
4097,0.344
4098,0.118
4099,0.392
4100,0.16
4101,0.21
4102,0.09
4103,0.168
4104,0.398
4105,0.106
4106,0.104
4107,0.136
4108,0.398
4109,0.34
4110,0.154
4111,0.122
4112,0.35
4113,0.194
4114,0.158
4115,0.16
4116,0.132
4117,0.226
4118,0.258
4119,0.142
4120,0.24
4121,0.184
4122,0.024
4123,0.09
4124,0.044
4125,0.194
4126,0.402
4127,0.038
4128,0.104
4129,0.15
4130,0.114
4131,0.098
4132,0.162
4133,0.178
4134,0.064
4135,0.358
4136,0.062
4137,0.044
4138,0.06
4139,0.358
4140,0.12
4141,0.014
4142,0.22
4143,0.334
4144,0.166
4145,0.16
4146,0.126
4147,0.138
4148,0.176
4149,0.134
4150,0.018
4151,0.088
4152,0.084
4153,0.142
4154,0.212
4155,0.18
4156,0.13
4157,0.076
4158,0.414
4159,0.164
4160,0.002
4161,0.178
4162,0.042
4163,0.27
4164,0.52
4165,0.2
4166,0.198
4167,0.228
4168,0.346
4169,0.262
4170,0.048
4171,0.222
4172,0.258
4173,0.144
4174,0.088
4175,0.108
4176,0.126
4177,0.102
4178,0.08
4179,0.454
4180,0.158
4181,0.128
4182,0.082
4183,0.112
4184,0.066
4185,0.082
4186,0.336
4187,0.52
4188,0.26
4189,0.102
4190,0.264
4191,0.08
4192,0.284
4193,0.05
4194,0.182
4195,0.06
4196,0.406
4197,0.124
4198,0.214
4199,0.176
4200,0.006
4201,0.09
4202,0.05
4203,0.166
4204,0.228
4205,0.21
4206,0.164
4207,0.404
4208,0.116
4209,0.09
4210,0.436
4211,0.312
4212,0.066
4213,0.21
4214,0.186
4215,0.19
4216,0.092
4217,0.118
4218,0.222
4219,0.31
4220,0.46
4221,0.138
4222,0.092
4223,0.076
4224,0.116
4225,0.096
4226,0.074
4227,0.058
4228,0.39
4229,0.124
4230,0.18
4231,0.03
4232,0.06
4233,0.024
4234,0.082
4235,0.078
4236,0.096
4237,0.526
4238,0.13
4239,0.044
4240,0.214
4241,0.228
4242,0.428
4243,0.202
4244,0.202
4245,0.194
4246,0.138
4247,0.228
4248,0.344
4249,0.298
4250,0.198
4251,0.326
4252,0.11
4253,0.15
4254,0.16
4255,0.108
4256,0.112
4257,0.076
4258,0.03
4259,0.21
4260,0.184
4261,0.45
4262,0.176
4263,0.092
4264,0.15
4265,0.088
4266,0.242
4267,0.228
4268,0.266
4269,0.274
4270,0.262
4271,0.234
4272,0.112
4273,0.118
4274,0.232
4275,0.146
4276,0.118
4277,0.218
4278,0.044
4279,0.052
4280,0.246
4281,0.15
4282,0.142
4283,0.138
4284,0.188
4285,0.174
4286,0.05
4287,0.092
4288,0.058
4289,0.184
4290,0.098
4291,0.168
4292,0.028
4293,0.2
4294,0.146
4295,0.442
4296,0.084
4297,0.29
4298,0.144
4299,0.058
4300,0.102
4301,0.314
4302,0.058
4303,0.174
4304,0.214
4305,0.484
4306,0.084
4307,0.232
4308,0.88
4309,0.162
4310,0.112
4311,0.086
4312,0.238
4313,0.122
4314,0.326
4315,0.152
4316,0
4317,0.062
4318,0.198
4319,0.072
4320,0.364
4321,0.214
4322,0.088
4323,0.102
4324,0.078
4325,0.086
4326,0
